event_date,viewers,purchasers,view_to_purchase_pct
2015-05-03,4647,33,0.71
2015-05-04,10420,68,0.65
2015-05-05,12544,154,1.23
2015-05-06,13437,154,1.15
2015-05-07,13301,125,0.94
2015-05-08,12011,97,0.81
2015-05-09,9055,63,0.70
2015-05-10,6756,35,0.52
2015-05-11,8895,51,0.57
2015-05-12,11554,94,0.81
2015-05-13,13275,126,0.95
2015-05-14,13710,143,1.04
2015-05-15,13145,116,0.88
2015-05-16,11998,106,0.88
2015-05-17,11663,104,0.89
2015-05-18,14120,123,0.87
2015-05-19,15452,122,0.79
2015-05-20,14275,102,0.71
2015-05-21,13040,88,0.67
2015-05-22,12558,81,0.65
2015-05-23,10607,80,0.75
2015-05-24,10044,71,0.71
2015-05-25,12372,85,0.69
2015-05-26,13872,124,0.89
2015-05-27,12476,120,0.96
2015-05-28,13021,115,0.88
2015-05-29,12450,98,0.79
2015-05-30,10741,77,0.72
2015-05-31,9426,67,0.71
2015-06-01,11755,97,0.83
2015-06-02,13908,133,0.96
2015-06-03,13374,126,0.94
2015-06-04,13149,116,0.88
2015-06-05,12593,95,0.75
2015-06-06,10526,74,0.70
2015-06-07,9544,56,0.59
2015-06-08,10998,88,0.80
2015-06-09,13343,105,0.79
2015-06-10,13921,89,0.64
2015-06-11,13485,112,0.83
2015-06-12,10493,63,0.60
2015-06-13,8542,57,0.67
2015-06-14,6763,48,0.71
2015-06-15,10983,87,0.79
2015-06-16,13516,147,1.09
2015-06-17,13721,180,1.31
2015-06-18,13221,137,1.04
2015-06-19,12230,97,0.79
2015-06-20,9707,73,0.75
2015-06-21,8863,53,0.60
2015-06-22,11406,95,0.83
2015-06-23,13012,163,1.25
2015-06-24,12897,112,0.87
2015-06-25,11876,133,1.12
2015-06-26,11886,123,1.03
2015-06-27,10060,71,0.71
2015-06-28,9590,49,0.51
2015-06-29,12023,95,0.79
2015-06-30,12991,121,0.93
2015-07-01,12274,97,0.79
2015-07-02,12283,121,0.99
2015-07-03,12241,101,0.83
2015-07-04,10293,74,0.72
2015-07-05,8951,57,0.64
2015-07-06,11060,109,0.99
2015-07-07,13769,126,0.92
2015-07-08,13801,133,0.96
2015-07-09,14206,131,0.92
2015-07-10,14568,122,0.84
2015-07-11,14380,65,0.45
2015-07-12,15565,52,0.33
2015-07-13,14691,97,0.66
2015-07-14,16044,142,0.89
2015-07-15,16225,123,0.76
2015-07-16,13302,101,0.76
2015-07-17,12835,94,0.73
2015-07-18,10923,66,0.60
2015-07-19,10082,65,0.64
2015-07-20,13806,111,0.80
2015-07-21,14453,148,1.02
2015-07-22,13786,134,0.97
2015-07-23,12799,128,1.00
2015-07-24,14504,97,0.67
2015-07-25,15058,61,0.41
2015-07-26,16818,67,0.40
2015-07-27,17075,105,0.61
2015-07-28,13326,162,1.22
2015-07-29,13750,142,1.03
2015-07-30,13422,139,1.04
2015-07-31,11847,89,0.75
2015-08-01,10783,65,0.60
2015-08-02,9476,65,0.69
2015-08-03,11042,92,0.83
2015-08-04,13653,135,0.99
2015-08-05,12386,126,1.02
2015-08-06,13100,117,0.89
2015-08-07,12335,98,0.79
2015-08-08,9556,57,0.60
2015-08-09,8416,38,0.45
2015-08-10,9770,46,0.47
2015-08-11,11616,102,0.88
2015-08-12,12441,77,0.62
2015-08-13,12784,94,0.74
2015-08-14,11001,89,0.81
2015-08-15,9396,62,0.66
2015-08-16,8706,56,0.64
2015-08-17,11184,83,0.74
2015-08-18,13224,125,0.95
2015-08-19,12334,127,1.03
2015-08-20,11963,128,1.07
2015-08-21,11014,74,0.67
2015-08-22,10013,77,0.77
2015-08-23,8734,61,0.70
2015-08-24,10600,92,0.87
2015-08-25,12193,101,0.83
2015-08-26,11563,108,0.93
2015-08-27,11830,105,0.89
2015-08-28,12269,107,0.87
2015-08-29,10456,59,0.56
2015-08-30,9342,66,0.71
2015-08-31,11107,115,1.04
2015-09-01,11306,91,0.80
2015-09-02,10961,90,0.82
2015-09-03,11543,82,0.71
2015-09-04,11449,84,0.73
2015-09-05,9841,77,0.78
2015-09-06,8955,50,0.56
2015-09-07,10958,87,0.79
2015-09-08,12849,103,0.80
2015-09-09,12860,113,0.88
2015-09-10,13625,120,0.88
2015-09-11,13977,109,0.78
2015-09-12,10916,88,0.81
2015-09-13,10400,59,0.57
2015-09-14,12277,78,0.64
2015-09-15,13477,99,0.73
2015-09-16,8331,73,0.88
2015-09-17,6475,54,0.83
2015-09-18,3133,11,0.35
